Morfo;Visitor
Abeha com abd verde;Thalestria spinosa
Abelha amarela (145);Brachygastra lecheguana
Abelha amarela grande achoq eu centris voo rápido;Oxaea flavescens
Abelha azulada com abd triangular (capturei uma parecida em dezembro/nov.);Halictidae spp.
abelha cap aqui;Hymenoptera sp22
Abelha com abd amarelo. Andrenidae ?;Megachilidae sp2
Abelha com abd listrado, parecia mandaçaia;Hymenoptera sp36
Abelha com detallhes em branco;Centris sp4
Abelha com torax amarelo grandona;Exomalopsis spp.
Abelha coom abd azul e asas transparentes dnv;Euchromiina sp.
Abelha de abd triangular parece vespa asa clara parecida com uma da alternanthera (talvez excluir);Brachygastra lecheguana
Abelha diferente antena grande;Nomada sp. 1
Abelha diferentona;Oxaea flavescens
Abelha doida;Hymenoptera sp3
Abelha doida 2;Hymenoptera sp22
Abelha doida voando sobre;Hymenoptera sp3
abelha doidinha pousada na folha;Hymenoptera sp3
Abelha dourada esverdeada;Halictidae spp.
Abelha dourada esverdeada (148);Halictidae spp.
Abelha estranha cap. Agr;Crabronidae sp. 1
Abelha estranha cap. Aqui;Halictidae spp.
abelha estranha com antenona;Peponapis fervens
abelha estranha com antenonaabc;Melissoptila cnecomala
Abelha estranha marrom;Centris sp3
Abelha estranhona;Crabronidae sp. 1
Abelha já filmada com cara branca;Megachile sp. 9
Abelha listrada em verde/amarelo com preto, abd triangular, face mascarada com as cores (Megachilidae);Crabronidae sp. 2
Abelha maior com máscara;Megachile sp. 9
Abelha média com pelos, tórax amarelo e abd vermelho (SOBREVOANDO);Centris sp1
abelha mt pequnea;Friesella schrottkyi
Abelha pequena;Halictidae spp.
abelha pequena com abd lustroso;Friesella schrottkyi
Abelha pequena no pote branco;Exomalopsis spp.
Abelha pequena rápida (Hallictidae);Halictidae spp.
Abelha preta;Halictidae spp.
Abelha preta enorme linda;Xylocopa sp1
Abelha preta estranha grandinha;Exomalopsis spp.
abelha preta grande 1;Xylocopa sp1
Abelha preta grande;Xylocopa sp1
Abelha preta mt diferente (140);Halictidae spp.
Abelha preta mt doida, acho que exomalospsis;Exomalopsis spp.
Abelha preta parecia megachilidae;Megachile sp. 8
abelha preta que lembra bombus;Bombus sp1
Abelha que aprece amndaçaia;Hymenoptera sp36
Abelha que filmei ontem na Costaceae;Eulaema nigrita
Abelha que lembra mandaçaia;Hymenoptera sp36
Abelha que lembra mandaçaia (Vìdeo);Hymenoptera sp36
Abelha que parece mandaçaia;Hymenoptera sp36
Abelha que parece vespa;Nomada sp. 1
Abelha que parece vespa pequena (Provavelemten megachilidae);Nomada sp. 1
Abelha solitária;Hymenoptera sp19
Abelha solitaria menor qe Scaptotrigona;Megachile sp. 8
Abelha super diferente;Hymenoptera sp19
Abelha verde com preto mt estranha???????????;Thalestria spinosa
Abelhas com abd com listras semelhante à mandaçaia. (solitária) (Tem vídeo dela no clorofito);Hymenoptera sp36
Abelhas estranha;Chalcididae sp.
Ablha abd listrado (140);Ancyloscelis apiformis
Acho que tetragona clavipes;Tetragona clavipes
andreniidae de abd arredondando com ponta amarela classica;Megachilidae sp2
Apis base da flor;Apis mellifera
Apis mellifera;Apis mellifera
Apis mellifera (Base da flor);Apis mellifera
Apis mellifera (base das flores);Apis mellifera
Apis mellifera (indo na base da flor, já outras na estrutua rep.);Apis mellifera
Apis mellifera (rep.);Apis mellifera
Apis mellifera (tentou coletar la dentro da flor);Apis mellifera
Apis mellifera na base da flor;Apis mellifera
Beija flor;Chlorostilbon lucidus
Beija flor (bico vermelho, verde amarelado, quase marrom borda da asa preta ?);Hylocharis chrysura
Beija flor (Video outubro);Chlorostilbon lucidus
Beija flor 1;Chlorostilbon lucidus
beija flor 2;Hylocharis chrysura
beija flor acho que o que eu filmei nele hj;Chlorostilbon lucidus
Beija flor amarronzado;Hylocharis chrysura
beija flor amarronzado 1;Hylocharis chrysura
beija flor amarronzado com tons em verde;Hylocharis chrysura
Beija flor amarronzado com verde claro;Hylocharis chrysura
Beija flor amarronzado com verde claro, peito branco;Hylocharis chrysura
beija flor azul;Chlorostilbon lucidus
Beija flor azul que tirei foto hj cedo;Chlorostilbon lucidus
Beija flor azulado foto esses dias;Chlorostilbon lucidus
Beija flor cinza com amarelo e bico vermelho;Hylocharis chrysura
Beija flor cm borda da asa preto;Chlorostilbon lucidus
Beija flor com bico vermelho;Chlorostilbon lucidus
beija flor com costas azul;Chlorostilbon lucidus
Beija flor com faixa nos olhos meio esverdeado com tons amarelados;Chlorostilbon lucidus
Beija flor com mascara;Chlorostilbon lucidus
Beija flor com máscara 1;Chlorostilbon lucidus
Beija flor com máscara visto na Odontonema;Chlorostilbon lucidus
Beija flor com peito amarronzado;Hylocharis chrysura
Beija flor com torax amarelo/amarraonzado;Hylocharis chrysura
Beija flor com torax verde;Chlorostilbon lucidus
Beija flor costas verdes, peito cinza peq.  (vídeo);Chlorostilbon lucidus
beija flor de bico vermelho, verde mais claro;Hylocharis chrysura
Beija flor diferente do mascarado;Hylocharis chrysura
Beija flor embaixo do queixo amarronzado peito verde claro;Hylocharis chrysura
beija flor lindinho;Hylocharis chrysura
beija flor marrom com cabeça verde e corpo verde;Hylocharis chrysura
Beija flor mascarado;Chlorostilbon lucidus
beija flor mascarado 1;Chlorostilbon lucidus
Beija flor mascarado com fensa preta;Chlorostilbon lucidus
Beija flor mascarado com torax verde;Chlorostilbon lucidus
Beija flor mascarado que acho ser diferente do filmado;Chlorostilbon lucidus
Beija flor mascarado roubando;Chlorostilbon lucidus
Beija flor mascarado, parece que tem dois;Chlorostilbon lucidus
Beija flor mascaradp;Chlorostilbon lucidus
beija flor n sei qual 1;Chlorostilbon lucidus
Beija flor não sei qual com torax preto com uns 10 cm no máximo;Hylocharis chrysura
beija flor parecia o azul;Chlorostilbon lucidus
Beija flor peito verde brilahnet a bico vermelho;Chlorostilbon lucidus
beija flor pícolo verde claro;Chlorostilbon lucidus
Beija flor torax verde e baixo da asa branco;Chlorostilbon lucidus
Beija flor verde;Chlorostilbon lucidus
beija flor verde 1;Chlorostilbon lucidus
Beija flor verde (vídeo ruim);Chlorostilbon lucidus
Beija flor verde amarelado, amarronzado;Hylocharis chrysura
Beija flor verde claro;Hylocharis chrysura
Beija flor verde com base das asas brancas;Chlorostilbon lucidus
Beija flor verde costas;Chlorostilbon lucidus
Beija flor verde mascarado;Chlorostilbon lucidus
beija flor vídeo;Hylocharis chrysura
beija flor vídeo 1;Chlorostilbon lucidus
Beija flor visto no Macroptilium atropurpureum e vídeo melhor aqui;Chlorostilbon lucidus
beija for amarronzado;Hylocharis chrysura
Besouro;Eumolpinae sp.
Besouro (125);Euphoria lurida
besouro com antenonas;Cerambycinae sp. 2
Besouro já cap. Aqu;Eumolpinae sp.
Besouro laranja com verde;Diabrotica speciosa
besouro verde co pontos laranja;Diabrotica speciosa
Besouro verde com laranja praga;Diabrotica speciosa
Besouro verde com pintas laranjas;Diabrotica speciosa
besouro verde com pontos laranjas;Diabrotica speciosa
bicho estranho, abelha;Megachile sp. 7
Bicho estranho, abelha igual 398;Megachile sp. 7
Bombus;Bombus sp1
Bombus (Uma das duas ou preta ou amarela);Bombus brasiliensis
Bombus amarela;Bombus brasiliensis
bombus amarela 1;Bombus brasiliensis
Bombus amarela (2 listras);Bombus brasiliensis
Bombus amarela (3 listras);Bombus brasiliensis
Bombus amarela 1 listra;Bombus brasiliensis
Bombus amarela filmada na Zinnia;Bombus brasiliensis
Bombus com abd preto e listras cinzas;Bombus sp1
bombus com listras amarelas, acho que a clássica;Bombus brasiliensis
Bombus com listras cinzas;Bombus sp1
bombus com listras cinzas enorme;Bombus sp1
Bombus com listras cinzas no abd;Bombus sp1
Bombus com listras PRETAS no abd;Bombus sp1
Bombus com uma listra amrela;Bombus brasiliensis
bombus ou xylocopa;Bombus sp1
Bombus preta;Bombus sp1
bombus preta 1;Bombus sp1
Bombus preta acho que a com lisyrtas cinzas;Bombus sp1
Bombus preta acho que a de listras cinzas;Bombus sp1
bombus preta acho que é a com listras cinzas, que agr ´so chamo de preta;Bombus sp1
bombus preta com abd cinza;Bombus sp1
Bombus preta com abd listrado em cinza;Bombus sp1
Bombus preta com detalhes no abd listras cinzas;Bombus sp1
Bombus preta com istras cinzas no abd;Bombus sp1
bombus preta com listras cinzas 1;Bombus sp1
Bombus preta com listras cinzas;Bombus sp1
bombus preta com listras cinzas no abd 1;Bombus sp1
Bombus preta com listras cinzas no abd;Bombus sp1
Bombus preta com listras no abd;Bombus sp1
Bombus preta com listras pretas no abd;Bombus sp1
Bombus preta com listrsa cinzas;Bombus sp1
bombus preta com riscos cinzas;Bombus sp1
Bombus preta disse que é diferente da que eu costumo ver comparar amostras;Bombus sp1
bombus preta enorme que ando vendo aqui;Bombus sp1
Bombus preta parece que não tem listras;Bombus sp1
Bombus preta parecia a com istras cinzas no abd;Bombus sp1
Bombus preta pequnea;Bombus sp1
Bombus preta que parece a com listras;Bombus sp1
Bombus reta com listras cinzas no abd;Bombus sp1
Bombus sp.;Bombus sp1
Bombus sp. n sei qual é;Bombus sp1
Bombus? Xylocopa?;Bombus sp1
Bombussp.;Bombus sp1
Bomsua amarela;Bombus brasiliensis
Borb. prov. Pavão branco (já cap.) Parecida com a do girassol;Ascia sp.
Borb. prov. Pavão branco (já cap.) Parecida com a do girassol 1;Anartia jatrophae
Borbleta bonitona;Dryas sp.
Borbleta que parece a monarca;Euptoieta meridiania
Borboketa do agrião;Chlosyne saundersii
Borbolea do agrião;Chlosyne saundersii
borbolea doidona lingua longa, parece hesperídeo;Lepidoptera sp18
Borboleat do maracujá;Agraulis maculosa
Borboleta  cap. No orégano;Lycaenidae sp2
Borboleta (erva touro);Strymon bazochii
Borboleta (falsa monarca);Agraulis maculosa
Borboleta (falsa monarca) Tem foto;Euptoieta meridiania
Borboleta (Lippia alba);Lycaenidae sp2
Borboleta (Photo e vídeo);Euptoieta meridiania
Borboleta (PHOTO);Vanessa braziliensis
borboleta aamrela classica;Phoebis sp1
Borboleta Achillea millefolium;Astylus sp. 1
Borboleta amarela;Phoebis sp1
borboleta amarela 1;Phoebis sp1
Borboleta amarela alaranjada forte ( já vista);Phoebis sp1
Borboleta amarela clássica;Phoebis sp1
Borboleta amarela com manchas laranjas na asa aberta;Phoebis sp1
borboleta amarela com pontas das asas abertas laranja;Phoebis sp1
Borboleta amarela da ixorea;Phoebis sp1
Borboleta amarela filmada hj na de 10 min;Phoebis sp1
Borboleta amarela grande;Phoebis sp1
Borboleta amarela grande com pontos laranjas;Phoebis sp1
borboleta amarela n sei qual;Phoebis sp1
borboleta amarela n sei qual. Com manchas laranja qunado abre;Phoebis sp1
Borboleta amarela, n sei se visitou;Phoebis sp1
Borboleta asa azul ;Lycaenidae sp2
Borboleta asa azul 1;Strymon bazochii
Borboleta asa de folha;Anteos clorinde
Borboleta asa de folha (vídeo 22/11/2021 14:02);Anteos clorinde
Borboleta azul com preto;Synargis calyce
borboleta branca;Phoebis marcellina
Borboleta branca 1;Phoebis marcellina
Borboleta branca (21/08/2021 10:22);Phoebis marcellina
Borboleta branca 11;Ascia sp.
Borboleta branca co cinza pequnea com rabinho linda;Lycaenidae sp2
Borboleta branca com mancha preta na asa parece a do girassol;Ascia sp.
Borboleta branca com manchas amarela linda;Phoebis sp3
Borboleta branca do girassol;Ascia sp.
Borboleta branca do girassol (chamo de pavão branco, vi várias vezes);Ascia sp.
borboleta branca parece a do girassol;Ascia sp.
Borboleta branca pequena com etalhes em laranja;Lycaenidae sp2
Borboleta branca praguinha;Lycaenidae sp2
borboleta branco e preto;Burnsius orcus
Borboleta cinza;Lycaenidae sp2
borboleta cinza  com mancha na asas;Lycaenidae sp2
Borboleta cinza cap hj no orégano;Lycaenidae sp2
Borboleta cinza clássica daqui;Lycaenidae sp2
Borboleta cinza com asa fechada e pintas laranja na asa, pequena (já cap.);Lycaenidae sp2
Borboleta cinza com asas azuis (já pega);Lycaenidae sp2
Borboleta cinza com marrom;Hesperiidae sp5
Borboleta cinza com olhos nas asas (Vídeo);Lycaenidae sp2
Borboleta cinza Hespheriidae (Vídeo 25/11/2021);Lycaenidae sp2
Borboleta cinza Hespheriidae (Vídeo 25/11/2021) tbm;Hesperiidae sp5
Borboleta cinza magrinha;Hesperiidae sp5
Borboleta cinza pequena com pintas na asa (2 pintas)(Ver foto do funcho);Lycaenidae sp2
borboleta ciom asas mescladas;Strymon bazochii
borboleta ciza pequena;Hesperiidae sp5
borboleta co olhos nas asas;Junonia evarete
borboleta com asa com detalhes brancos;Burnsius orcus
borboleta com asa de folha;Anteos clorinde
Borboleta com asa de folha verde clara;Anteos clorinde
Borboleta com asas amarelas claras;Phoebis sp1
Borboleta com asas fechadas branca e azuis quando abre;Lycaenidae sp2
Borboleta com asas mescladas;Strymon bazochii
Borboleta com asas transparentes;Nymphalidae sp.
borboleta com detalhes em azul;Synargis calyce
borboleta com mosaico;Burnsius orcus
Borboleta com mosaico já filmei e cap. Em algum lugar, Aqui tem tentativa de vídeo tbm;Burnsius orcus
Borboleta com olhos nas asas;Junonia evarete
Borboleta com olhos nas asas (25/11/2021 12:30);Junonia evarete
Borboleta com rabo;Spicauda procne
Borboleta com rabo com pintinhas nas asas;Spicauda procne
Borboleta da ast. Laranja (Vídeo horrível);Vanessa braziliensis
Borboleta decorada em branco cinza, asas abertas;Burnsius orcus
Borboleta do agrião;Chlosyne saundersii
borboleta do agrião 1;Chlosyne saundersii
Borboleta do Agrião do Pará;Chlosyne saundersii
Borboleta do agrião meio bege;Chlosyne saundersii
Borboleta do araacujá;Agraulis maculosa
borboleta do funcho;Lycaenidae sp2
borboleta do girassol 1;Ascia sp.
Borboleta do girassol;Ascia sp.
Borboleta do girassol mais acizentada;Ascia sp.
borboleta do girassol que já filmei hj;Ascia sp.
Borboleta do manjericão hj mesmo;Hesperiidae sp5
Borboleta do maracujá;Agraulis maculosa
Borboleta do maracujá (Vídeo 23/11/2021 10:02);Agraulis maculosa
Borboleta do maragaridão alranja;Vanessa braziliensis
borboleta do marecujá;Agraulis maculosa
Borboleta enorme preta com detalhes em amarelo (Vídeo 24/11/2021 10:09);Heraclides brasiliensis
Borboleta estranha (155);Zygaenidae sp2
Borboleta feia (heperiidae laranja);Hylephila phyleus
Borboleta feia (heperiidae marrom);Hesperiidae sp3
Borboleta feia alaranjada com marrom;Hylephila phyleus
Borboleta feia marrom (vídeo péssimo);Spicauda procne
Borboleta fimalada semana passada no amnjericão;Hesperiidae sp5
Borboleta foto ruim (Olho nas asas quando estão abertas , detalahes em azul);Junonia evarete
Borboleta grande amarela com preto;Heraclides brasiliensis
Borboleta já cap. Aqui. Pequena (146);Lepidoptera sp8
Borboleta laranja asa longa;Dryas sp.
Borboleta laranja com detalhes em preto linda;Dryas sp.
Borboleta laranja feia;Hylephila phyleus
Borboleta laranja feia (já cap.) \Pousada na flor;Hylephila phyleus
Borboleta laranja feia (já capturada);Hylephila phyleus
Borboleta laranja linda;Dryas sp.
Borboleta laranja que parece a do maracuja;Agraulis maculosa
Borboleta linda;Heliconiinae sp.
borboleta marca texto;Phoebis marcellina
Borboleta marrom clara;Hesperiidae sp3
Borboleta marrom com mosaico tbm marrom (asas abertas);Strymon bazochii
Borboleta marrom escuro;Spicauda procne
Borboleta marrom escuro média ;Spicauda procne
Borboleta marrom grande (cap.) (112);Urbamus proteus
borboleta marrom média;Hesperiidae sp3
Borboleta marrom ornamentada;Strymon bazochii
Borboleta marrom pequena;Spicauda procne
Borboleta marrom pequena 1;Hesperiidae sp3
Borboleta média com olhos atras;Junonia evarete
borboleta média marrom clara;Hesperiidae sp3
borboleta mesclada;Strymon bazochii
borboleta mesclada com torax azul;Burnsius orcus
borboleta mesclada preto com branco;Burnsius orcus
Borboleta monarca;Euptoieta meridiania
Borboleta mosaico linda diferente na que tinha no tridax;Strymon bazochii
Borboleta mt diferente, ou abelha?;Zygaenidae sp8
Borboleta na zinnia com vídeo ruim;Euptoieta meridiania
Borboleta nymphalidae linda;Dryas sp.
borboleta nymphaliidae com detalhes coloridos enter amarelo laranja e preto;Eueides dianasa
Borboleta parecida com a falsa monarca;Euptoieta meridiania
Borboleta parecida com monarca (já pega);Agraulis maculosa
Borboleta parecida com monarca (já pega) 1;Euptoieta meridiania
Borboleta pavão branco;Anartia jatrophae
borboleta pequena cinza com asas azuis dentro;Lycaenidae sp2
Borboleta pequena com asas verde grama;Lycaenidae sp1
Borboleta pequena laranja;Hylephila phyleus
Borboleta pequnea asas fechadas brancas com detalhes e abertas azuis;Lycaenidae sp2
Borboleta praga laranja feia ;Hylephila phyleus
Borboleta preta com amarelo grande;Heraclides brasiliensis
borboleta preta com detalhes em rosa;Battus polydamas
Borboleta preta enorme;Heraclides brasiliensis
Borboleta preta enorme (Parece aquela que chama de defunto);Heraclides brasiliensis
Borboleta preta grande;Heraclides brasiliensis
Borboleta preta grande (Vídeo horrível);Heraclides brasiliensis
Borboleta preta linda;Battus polydamas
borboleta preta pequnea;Hylephila phyleus0
Borboleta que aprece a do girassol;Ascia sp.
borboleta que aprece a do girassol 1;Ascia sp.
borboleta que aprece a monarca;Euptoieta meridiania
Borboleta que arece a do girassol;Ascia sp.
Borboleta que filme no funcho esses dias;Lycaenidae sp2
borboleta que lembra a monarca;Euptoieta meridiania
Borboleta que parece a do agrião;Chlosyne saundersii
Borboleta que parece a do Agrião;Chlosyne saundersii
Borboleta que parece a do girasso;Ascia sp.
Borboleta que parece a do girassol;Ascia sp.
borboleta que parece a do girassol 1;Ascia sp.
Borboleta que parece a do maracujá;Agraulis maculosa
Borboleta que parece a do maracujá 1;Euptoieta meridiania
Borboleta que parece a monarca;Euptoieta meridiania
borboleta que parece a monarca 1;Euptoieta meridiania
Borboleta que parece do girassol;Ascia sp.
Borboleta que parece pavão branco;Anartia jatrophae
borboleta que parecea monarca;Euptoieta meridiania
Borboleta que pousa nas pétalas (74);Hesperiidae sp3
Borboleta verde claro com amarelo dentro;Phoebis marcellina
Borboleta vermelha da Ast. Laranja;Vanessa braziliensis
Borboleta vermelha linda comum (Photo ast. Laranja);Vanessa braziliensis
Borbolta com torax azul e asas brancas;Burnsius orcus
Borlbeta cinza pequena;Hesperiidae sp5
boroblat com asas fechadass cinzas qe quando abre a asa azul equnea;Lycaenidae sp2
Boroblet amescadinha branco com preto;Burnsius orcus
Boroblet6a amarela grnade;Phoebis sp1
Borobleta amarela;Phoebis sp1
Borobleta amarela clássica;Phoebis sp1
Borobleta amarela já filmada essa semana nela;Phoebis sp1
Borobleta amarela tentando roubvar algo;Phoebis sp1
borobleta amarela, manchas laranjas na ponta das asas;Phoebis sp1
borobleta asas de vidro;Nymphalidae sp.
Borobleta asas pretas com rosa;Battus polydamas
borobleta azul classica daqui;Synargis calyce
Borobleta bonitona;Heraclides brasiliensis
Borobleta branca amarelada;Phoebis sp3
Borobleta branca com borda preta;Ascia sp.
Borobleta branca com cinza equena parece a do Funcho, mas não é;Lycaenidae sp2
Borobleta branca que parece a do girassol;Ascia sp.
Borobleta cinza com detalhes na asa;Lycaenidae sp2
borobleta cinza com pontinhos, parece a do funcho;Lycaenidae sp2
borobleta cinza média;Hesperiidae sp5
Borobleta cinza pequnea  visitando;Lycaenidae sp2
borobleta classica do funcho;Lycaenidae sp2
Borobleta com asas brancas lindas;Phoebis marcellina
Borobleta com asas de couro já flmei aqui;Emesis mandana
Borobleta com asas de misaico literalmente;Burnsius orcus
borobleta com asas mosaico pequnea;Strymon bazochii
borobleta com olhos nas asas;Junonia evarete
Borobleta com olhos nas asas 1;Junonia evarete
Borobleta com rabo (Spicauda sp.);Spicauda procne
borobleta do agrão;Chlosyne saundersii
Borobleta do agrião;Chlosyne saundersii
borobleta do agrião 1;Chlosyne saundersii
Borobleta do girassol;Ascia sp.
borobleta do girassol 1;Ascia sp.
Borobleta do maracujá;Agraulis maculosa
Borobleta laranja linda;Dryas sp.
Borobleta maracujá;Agraulis maculosa
Borobleta mesclada com asas abertas;Burnsius orcus
Borobleta messclada;Burnsius orcus
Borobleta pequhena cinza com detalhes nas asas;Lycaenidae sp2
borobleta pequnea com detakhes em branco;Burnsius orcus
Borobleta preta;Heraclides brasiliensis
Borobleta preta coma amrelo grande commum aqui;Heraclides brasiliensis
Borobleta preta diferente;Battus polydamas
Borobleta preta gigante;Heraclides brasiliensis
Borobleta preta grande;Heraclides brasiliensis
borobleta que aprece a monarca;Euptoieta meridiania
Borobleta que parace a monarca;Euptoieta meridiania
Borobleta que parece a do Agrião;Chlosyne saundersii
borobleta que parece a do agrião, mas mais clara;Chlosyne saundersii
Borobleta que parece a do girassol;Ascia sp.
Borobleta que parece a monarca;Euptoieta meridiania
Borobleta que parece monarca;Euptoieta meridiania
Borobleta que paree a do agrião;Chlosyne saundersii
Borobleta verde bebe grande;Anteos clorinde
Borobleta verde clara com asas de folhas;Anteos clorinde
borobleta vermelha;Junonia evarete
boroboleta que parece a monarca;Euptoieta meridiania
borolbet branca do girassol;Ascia sp.
borolbeta branca;Phoebis marcellina
Borolbeta do Girassol;Ascia sp.
borolbeta linda com asas azuis quando abre;Lasaia sp.
borolbeta mesclada grande linda;Lepidoptera sp23
borolbeta pequena com asas dentro azuis, com detalhes laranja e cinza na asa fechada. Clássica;Lycaenidae sp2
borolbeta que parece a do girassol filmei na turnera;Ascia sp.
Borolbeta que parece a monarca;Euptoieta meridiania
Borolbeta que parece a monarca 1;Euptoieta meridiania
Brboleta do Agrião;Chlosyne saundersii
Centris;Centris sp3
Centris (Photo);Centris sp2
Centris acho;Centris sp3
Centris amarela grandinha;Centris sp2
Centris analis;Centris sp1
Centris aquela de abd vermelho;Centris sp1
Centris com abd amrrom filmada na rondas de 10 min (04/03/2022);Centris sp3
centris com abd preto;Centris sp3
Centris com abd vermelho;Centris sp1
Centris de abd vermelho;Centris sp1
Centris de avd marrom;Centris sp3
Centris doidona escura com listras amarelas no abd parece uruçu;Centris sp3
Centris estranhona;Centris sp3
Centris gigante;Epicharis sp.
Centris parece analis;Centris sp1
Centris preta com tórax marrom e abd preto com listras (Parecida com a que vi em Julho de 2022);Centris sp3
Coleoptera;Hippodamia convergens
Coleoptera preto pequeno;Statira sp.1
Coleoptera verde com bolinhas laranjas (comum);Diabrotica speciosa
Coleptea verde com preto listrado;Astylus sp. 2
Coleptera (115);Astylus sp. 1
dioptera com abd preto lustroso;Diptera sp2
Diptera (1/2 arrom);Diptera sp13
Diptera (20);Dioprosopa clavata
Diptera (abd com quadrados brancos);Diptera sp1
Diptera (parece comum);Dioprosopa clavata
Diptera 1;Dioprosopa clavata
Diptera 2;Diptera sp14
Diptera 4;Diptera sp16
Diptera 7;Allograpta sp.
Diptera abd avermelhado;Diptera sp20
Diptera abd meio estranho filmei na emilia esses dias;Allograpta sp.
Diptera abdomen listrado médio;Palpada sp.
Diptera abdomoen alonagdo (já capturado);Dioprosopa clavata
Diptera abdomoen alonagdo (já vi);Dioprosopa clavata
Diptera alongado de abd laranja;Allograpta sp.
Diptera alranja co asas abertas;Diptera sp6
Diptera amarela grande (tinha no girassol) da pra ver o gênero;Palpada sp.
Diptera amgrinho que dobra abd, sem ponta afilada;Dioprosopa clavata
Diptera cap na Aloisia;Diptera sp4
Diptera capturado ontem;Diptera sp5
Diptera cara branca abd claro asas abertas já cap.;Diptera sp1
Diptera com abd alongado diferente;Diptera sp19
Diptera com abd alongado já visto no agrião do pará;Dioprosopa clavata
Diptera com abd alongado visto na Emilia;Dioprosopa clavata
diptera com abd de quadradinhos;Diptera sp1
Diptera com abd fininho;Dioprosopa clavata
diptera com abd fino marrom;Diptera sp13
Diptera com abd laranja, asas bordas pretas;Diptera sp5
Diptera com abd lustroso preto;Diptera sp2
diptera com abd lustroso preto;Diptera sp2
Diptera com abd preto lustroso;Diptera sp2
diptera com abd preto lustroso;Diptera sp2
Diptera com asa aberta;Diptera sp6
Diptera com asa aberta (já caP.);Diptera sp6
Diptera com asas aberta abd listradinho olhos vermelhos;Allograpta sp.
Diptera com atenas fusionadas e abd alongado olhos vermelhos. Lembra um do artigo do Mikania glomerata;Stratiomyidae sp1
Diptera com cara branca e abd com quadradinhos;Diptera sp1
Diptera com olhos vermelhos e face branca;Diptera sp15
Diptera com quadradinhos no abd;Diptera sp1
Diptera com quadrados no abd;Diptera sp1
Diptera com quadrdinhos no abd;Diptera sp1
Diptera de abd co aquadradinhos;Diptera sp1
diptera de abd com quadradinhos;Diptera sp1
Diptera de abd laranja;Diptera sp6
diptera de abd lustroso 1;Diptera sp2
Diptera de abd lustroso;Diptera sp2
Diptera de abd lustroso preto;Diptera sp2
Diptera de abd preto lustroso;Diptera sp2
diptera de abd preto lustroso 1;Diptera sp2
Diptera de abd qaudradinhos;Diptera sp1
Diptera de abd quadrado;Diptera sp1
Diptera de asa aberta laranja;Diptera sp6
Diptera de asas com torax preto abd laranja e asas pretas acho que já cap.;Diptera sp3
diptera doidão, que lembra o que parece abelha;Palpada sp.
Diptera esguio;Dioprosopa clavata
Diptera estranhão;Allograpta sp.
Diptera estranho;Allograpta sp.
Diptera estranho 1;Toxomerus sp.
Diptera estranho foco horrível;Allograpta sp.
Diptera estranho laranja com amrrom pequeno;Diptera sp6
Diptera estranho nunca visto aqui ??;Allograpta sp.
Diptera gigante com abd quadradinhos no abd;Diptera sp1
Diptera gigantesco;Diptera sp10
Diptera grandão que vi na carqueja;Diptera sp8
Diptera grande (abd preta e face branca);Diptera sp2
Diptera grande amarelo (Abd listrado);Palpada sp.
Diptera já cap. Maiorzinho;Diptera sp1
Diptera laranja;Diptera sp6
Diptera laranja com abd laranaj com detalhes em branco;Diptera sp6
Diptera laranja com asas abertas;Diptera sp6
Diptera laranja com asas abertas (Já cap. Na ast. 8);Diptera sp6
Diptera laranja com asas abertas ponta do abd transparente;Diptera sp6
Diptera laranja com borda das asas preta asa aberta;Diptera sp4
Diptera laranja com preto;Diptera sp4
Diptera laranja pequeno abd fino;Allograpta sp.
Diptera laranja que fica com asas abertas;Diptera sp6
Diptera laranja que fica com asas abertas (Já cap.);Diptera sp6
diptera marrom com branco mesclado;Diptera sp13
Diptera médio marrom feio;Diptera sp13
Diptera meio estranho voo rápido;Allograpta sp.
Diptera menor que as grandes e olhos vermelhos e torax e cabeça amarela;Diptera sp22
Diptera mt pequeno 1;Diptera sp18
Diptera pequeno;Diptera sp17
Diptera pequeno asa aberta, preto;Diptera sp3
Diptera pequeno magrinho;Dioprosopa clavata
Diptera pequeno preto 1;Diptera sp11
Diptera pequeno preto parece comum;Diptera sp17
Diptera pretinho, tentei filmar mt nas das 10;Diptera sp21
Diptera preto com bordas das asas brancas;Diptera sp3
diptera preto com branco;Diptera sp3
Diptera preto com branco lindão;Diptera sp3
diptera preto com branco mesclado;Allograpta sp.
Diptera preto com detalhees em branco;Diptera sp3
Diptera preto com detalhes em branco;Diptera sp3
Diptera preto com detalhes em branco na asa;Diptera sp3
Diptera preto com laranja;Diptera sp4
Diptera preto de abd bem fino com ponta formando uma bolinha com ponta fina;Diptera sp12
diptera preto estranho;Allograpta sp.
Diptera preto já visto aqui;Diptera sp11
diptera pretomagrinho;Diptera sp12
Diptera que aprece Apis do Funcho;Palpada sp.
Diptera que dobra o abd;Dioprosopa clavata
diptera que dobra o abd classico do jardim;Dioprosopa clavata
diptera que dobra o abd já filmei esses dias;Dioprosopa clavata
Diptera que filmei na Tradescantia pallida na ronda de 10min;Toxomerus sp.
Diptera que já filmei aqui com quadradinhos no abd;Diptera sp1
diptera que parece abelha 1;Palpada sp.
Diptera que parece abelha;Palpada sp.
Diptera que parece abelha (listras amarelas);Palpada sp.
Diptera que parece Apis;Palpada sp.
Diptera que parece Apis filmado (12:56) nesse dia;Palpada sp.
Diptera que parece Apis só que mais avermehado;Palpada sp.
Diptera que parece Apis, olhos marrons;Palpada sp.
Diptera reto comum;Dioprosopa clavata
Diptera Sorghum;Allograpta sp.
Diptera sp. 1;Diptera sp1
Diptera tem vídeo, parece o do sorghum;Allograpta sp.
Diptera verde metálico médio;Diptera sp9
Diptero que aprece Apis;Palpada sp.
Dipteta laranja já cap.;Diptera sp6
Diptra com abd abd amarelo e tórax branco;Exomalopsis spp.
Diptrea que parece abelha já filmei aqui;Palpada sp.
Ditera com abd fino que dobra;Dioprosopa clavata
Ditera olhos pretos abdomen listrado;Allograpta sp.
eexomalospsis com torax preto e abd com listras amarelas;Exomalopsis spp.
eexomalospsis com torax preto e abd com listras amarelas mas diferente da outra;Exomalopsis spp.
Epantdium tigrinum ? (Megachilidae);Epanthidium tigrinum
Ephantidium tigrinum;Epanthidium tigrinum
Ephantidium tigrinum, acho que interagiu;Epanthidium tigrinum
Ephantidium tigrinum??? Parecia outra;Epanthidium tigrinum
Ephantidium triginum;Epanthidium tigrinum
Esfingideo mt parecido com a da mimosa;Lepidoptera sp18
Euglosa sp. ;Euglossa sp. 1
Euglossa azul;Euglossa sp. 1
Euglossa sp.;Euglossa sp. 1
Euglossinae;Euglossa sp. 1
Euglossinae comum;Euglossa sp. 1
Exmalopsis preta;Exomalopsis spp.
Exmalopsis preta com pontinhos brancos no abd;Exomalopsis spp.
Exo abd preto pernas meio brancas;Exomalopsis spp.
Exo amarela (78);Exomalopsis spp.
Exo bunda listrada (68);Exomalopsis spp.
Exo com torax preto e abd listrado;Exomalopsis spp.
Exo grande preta;Exomalopsis spp.
Exo já cap hj;Exomalopsis spp.
Exo pequena;Exomalopsis spp.
Exo pequena (cap outro dia);Exomalopsis spp.
Exo pequena meio cinza;Exomalopsis spp.
Exo preta;Exomalopsis spp.
Exo preta com abd listrado já cap.;Exomalopsis spp.
Exo preta com listras brancas no abd, tem vídeo esses dias;Exomalopsis spp.
Exo preta grande;Tetrapedia spp.
exo preta n vi mt sobre;Exomalopsis spp.
Exo torax preto lustroso;Exomalopsis spp.
exoalospis pequnea classica daqui, n é a amrelnha é a branca acho;Exomalopsis spp.
exomalopsis 1;Exomalopsis spp.
Exomalopsis;Exomalopsis spp.
Exomalopsis abd com pintinhas;Exomalopsis spp.
Exomalopsis amarela;Exomalopsis spp.
Exomalopsis amarela (Abd listrado em amarelo);Exomalopsis spp.
Exomalopsis amarela 1;Exomalopsis spp.
Exomalopsis amarela com U laranja;Exomalopsis spp.
Exomalopsis amarela com U laranja abd com listras amarelas;Exomalopsis spp.
Exomalopsis amarela nova;Exomalopsis spp.
Exomalopsis bem pequena;Exomalopsis spp.
Exomalopsis cinza;Exomalopsis spp.
Exomalopsis com abd amarelo;Exomalopsis spp.
exomalopsis com abd amarelo acho, mas toda suja de pólen;Exomalopsis spp.
Exomalopsis com abd amarelo e torax com U laranja;Exomalopsis spp.
Exomalopsis com abd bem lustroso, diferente da da Calliandra brevipes, mais acizentada;Exomalopsis spp.
Exomalopsis com abd branco;Exomalopsis spp.
Exomalopsis com abd com pontinhos;Exomalopsis spp.
Exomalopsis com abd com pontinhos = 190;Exomalopsis spp.
Exomalopsis com abd listrado e torax preto;Exomalopsis spp.
Exomalopsis com abd listras brancas;Exomalopsis spp.
Exomalopsis com abd preto ver. Quem é;Exomalopsis spp.
Exomalopsis com abd preto, n tenho ctz;Exomalopsis spp.
Exomalopsis com listras amarelas;Exomalopsis spp.
Exomalopsis com listras amarelas com pernas amarelas, já cap aqui;Exomalopsis spp.
Exomalopsis com listras amarelas no abd;Exomalopsis spp.
Exomalopsis com listras amarelas no abd e torax preto, fazia tempo qiue n via;Exomalopsis spp.
Exomalopsis com listras amarelas pequnea;Exomalopsis spp.
Exomalopsis com listras no abd;Exomalopsis spp.
Exomalopsis com listras no abd n sei qual é;Exomalopsis spp.
Exomalopsis com pintinhas pretas no abd;Exomalopsis spp.
Exomalopsis com pontinhos brancos no abd;Exomalopsis spp.
Exomalopsis com pontinhos no abd;Exomalopsis spp.
exomalopsis com tirax preto e abd com listras amarelas;Exomalopsis spp.
Exomalopsis com tórax bem brilhoso, com U laranja;Exomalopsis spp.
exomalopsis com torax e abd preto;Exomalopsis spp.
Exomalopsis com torax e cabeça laranja e abd meio preto;Exomalopsis spp.
Exomalopsis com torax lustroso e abd listrado;Exomalopsis spp.
Exomalopsis com torax preto ;Exomalopsis spp.
Exomalopsis com U amarelo;Exomalopsis spp.
Exomalopsis com U amarelo e abd listrado em amarelo;Exomalopsis spp.
Exomalopsis com U amarelo ebad com listras amarelas;Exomalopsis spp.
Exomalopsis com U amarelo nas costas;Exomalopsis spp.
Exomalopsis com U amarelo no tórax;Exomalopsis spp.
Exomalopsis com U laranja;Exomalopsis spp.
Exomalopsis com U laranja 1;Exomalopsis spp.
Exomalopsis com U laranja e abd com listras amarelas;Exomalopsis spp.
Exomalopsis com U laranja e abd de listras amarelas;Exomalopsis spp.
Exomalopsis com U laranja nas costas e abd amarelo;Exomalopsis spp.
Exomalopsis com U laranja no torax e abd amarelo;Exomalopsis spp.
Exomalopsis com U laranja no torax e abd com listras amarelas;Exomalopsis spp.
Exomalopsis com U larnaja acho;Exomalopsis spp.
Exomalopsis com U larnja e abd amarelo;Exomalopsis spp.
Exomalopsis com U nas costas;Exomalopsis spp.
Exomalopsis com U no torax;Exomalopsis spp.
exomalopsis comtorax preto lustroso;Exomalopsis spp.
Exomalopsis comU laranja no torax;Exomalopsis spp.
Exomalopsis de ab amarelo com U laranja;Exomalopsis spp.
Exomalopsis de abd com pintinhas pretas no abd;Exomalopsis spp.
Exomalopsis de abd listado em preto e amarelo na ponta;Exomalopsis spp.
Exomalopsis de abd listradinho amarelo;Exomalopsis spp.
Exomalopsis de abd listrado amarelo e preto;Exomalopsis spp.
Exomalopsis de abd preto brilhoso;Exomalopsis spp.
Exomalopsis filmada aqui hoje de manhã;Exomalopsis spp.
Exomalopsis garndona que filmei na asteraceae colorida;Exomalopsis spp.
Exomalopsis grande preta comum aqui;Exomalopsis spp.
Exomalopsis grandinha com abd listrado;Exomalopsis spp.
Exomalopsis listras no abd;Exomalopsis spp.
exomalopsis meio amarelinha;Exomalopsis spp.
Exomalopsis menor mas com listras no abd;Exomalopsis spp.
Exomalopsis menor mas com listras no abd 2.0;Exomalopsis spp.
exomalopsis n sei qual;Exomalopsis spp.
Exomalopsis não sei qual;Exomalopsis spp.
exomalopsis não sei qual é;Exomalopsis spp.
Exomalopsis pequena;Exomalopsis spp.
Exomalopsis pequena com abd listradinho, já cap. aqui;Exomalopsis spp.
Exomalopsis pequena com abd listrado em branco;Exomalopsis spp.
Exomalopsis pequena com pelos brancos no abd;Exomalopsis spp.
Exomalopsis pequena com pernas laranjas;Exomalopsis spp.
Exomalopsis pequena do manjericão;Exomalopsis spp.
Exomalopsis pequena preta no torax lustroso com listras brancas no abd;Exomalopsis spp.
Exomalopsis pequenna preta com cinza;Exomalopsis spp.
exomalopsis pequnea classica daqui;Exomalopsis spp.
Exomalopsis pequnea com abd branco ao lado da abeha de cima, msm vídeo;Exomalopsis spp.
Exomalopsis pequnea com abd branquinho;Exomalopsis spp.
Exomalopsis pequnea com detalhes em branco nas pernas e abd. Mas é bem picola e já foi cap. Acho;Exomalopsis spp.
Exomalopsis ponta do abd amarelinho pequena;Exomalopsis spp.
exomalopsis preta;Exomalopsis spp.
Exomalopsis preta 1;Exomalopsis spp.
Exomalopsis preta com abd amarelo;Exomalopsis spp.
exomalopsis preta com abd de pontos;Exomalopsis spp.
Exomalopsis preta com abd listrado;Exomalopsis spp.
Exomalopsis preta com abd listrado em amarelo;Exomalopsis spp.
Exomalopsis preta com abd listrado em branco;Exomalopsis spp.
Exomalopsis preta com bolinhas no abd;Exomalopsis spp.
exomalopsis preta com listrinhas brancas no abd;Exomalopsis spp.
Exomalopsis preta com pintinhas brancas no abd;Exomalopsis spp.
Exomalopsis preta com torax lustroso;Exomalopsis spp.
Exomalopsis preta doida;Exomalopsis spp.
Exomalopsis preta gorda outra;Exomalopsis spp.
Exomalopsis preta grande;Exomalopsis spp.
exomalopsis preta grande cap 12:30;Exomalopsis spp.
exomalopsis preta n sei qual;Exomalopsis spp.
exomalopsis preta pequnea;Exomalopsis spp.
Exomalopsis spabc;Exomalopsis spp.
exomalopsis tentatva abd listrado ema amrelo;Exomalopsis spp.
Exomalopsiss com listras brancas no abd;Exomalopsis spp.
Exomalosis;Exomalopsis spp.
Exomalosis parece a amarela mas menor;Exomalopsis spp.
Exomalososi preta listra na base, grande;Exomalopsis spp.
exomalospis;Exomalopsis spp.
Exomalospis 1;Exomalopsis spp.
exomalospis amarela;Exomalopsis spp.
exomalospis amarela relativamente gradinha n sei qual;Exomalopsis spp.
exomalospis amarelinha;Exomalopsis spp.
Exomalospis co torax com U laranja e listras amarelas no abd;Exomalopsis spp.
Exomalospis com abd amarelo;Exomalopsis spp.
Exomalospis com abd amarelo e pernas amarelas;Exomalopsis spp.
Exomalospis com abd de listras brancas e torax preto;Exomalopsis spp.
exomalospis com abd listrado clássica daqui, grandinha;Exomalopsis spp.
exomalospis com abd listrado e branco;Exomalopsis spp.
Exomalospis com abd listrado em cinza;Exomalopsis spp.
exomalospis com abd preto;Exomalopsis spp.
exomalospis com abd preto n sei qual;Exomalopsis spp.
Exomalospis com avd listrado em branco;Exomalopsis spp.
Exomalospis com U laranja;Exomalopsis spp.
exomalospis comunzinha, listras brancas no abd;Exomalopsis spp.
Exomalospis de abd preto;Exomalopsis spp.
Exomalospis grandona;Exomalopsis spp.
exomalospis grandona abd listrado, meio amarelada;Exomalopsis spp.
Exomalospis n sei qual;Exomalopsis spp.
exomalospis n sei qual, comum pelo visto;Exomalopsis spp.
Exomalospis pequena com abd lustroso preto;Exomalopsis spp.
Exomalospis pequena do manjericão;Exomalopsis spp.
exomalospis pequnea;Exomalopsis spp.
exomalospis pequnea amarelinha cao. Aqui acho;Exomalopsis spp.
Exomalospis preta com abd preto e pontinhos acho;Exomalopsis spp.
Exomalospis preta com pernas amrelas;Exomalopsis spp.
exomalospis preta gradinha com abd listrado em branco;Exomalopsis spp.
Exomalospis preta já cap. Aqui;Exomalopsis spp.
Exomalospis preta listras brancas;Exomalopsis spp.
Exomalospis scoma bd listrado em branco;Exomalopsis spp.
Exomalospiss com abd amarelo com riscos;Exomalopsis spp.
Exomalospiss com abd grandão, poucas listras brancas;Exomalopsis spp.
Exomalospiss doidona;Exomalopsis spp.
Exomalospiss grande com abd listrado em branco;Exomalopsis spp.
exomalospiss preta com abd acho que com pontos;Exomalopsis spp.
Exomalosps preta com abd listrado em amarelo;Exomalopsis spp.
exomalospsi preta que tentei filmar no tridax;Exomalopsis spp.
Exomalospsis amarela;Exomalopsis spp.
Exomalospsis amarela com U no torax;Exomalopsis spp.
Exomalospsis com abd amarelo;Exomalopsis spp.
Exomalospsis com abd de listras claras pretoe  branco;Exomalopsis spp.
Exomalospsis com abd listrado;Exomalopsis spp.
Exomalospsis com abd preto e listras amarelas. Chamo de amarela mas acho que as das ultimas duas semanas são as mesmas e diferentes das do começo das coletas;Exomalopsis spp.
Exomalospsis com torax preto e abd com lisras brancas;Exomalopsis spp.
Exomalospsis com U laranja ao torax;Exomalopsis spp.
Exomalospsis com U laranja no torax;Exomalopsis spp.
Exomalospsis com U laranja no torax e abd amarelo;Exomalopsis spp.
exomalospsis gradona com abd branco;Exomalopsis spp.
Exomalospsis igual a cap no talinum;Exomalopsis spp.
Exomalospsis mt doida;Exomalopsis spp.
Exomalospsis n sei qual;Exomalopsis spp.
Exomalospsis não sei qual;Exomalopsis spp.
Exomalospsis pequnea comum aqui com abd branco;Exomalopsis spp.
Exomalospsis preta com manchar amarelas;Exomalopsis spp.
exomalospsis preta com polainas n sei exatamente qual;Exomalopsis spp.
Exomaopsis pequena do manjericão;Exomalopsis spp.
exomaospis cheio de polen nas pernas com abd amarelo no abd;Exomalopsis spp.
Exomaplospis pequena;Exomalopsis spp.
Exomapopsis amarela;Exomalopsis spp.
Exomlopsis cinza;Exomalopsis spp.
Exomlospsis preta não vi mais características;Exomalopsis spp.
Falsa monarca (dif.) (Photo);Agraulis maculosa
Falsa monarca vibes (Vídeo horrível);Euptoieta meridiania
Halcitidae cabeça e torax verde escuroe  abd vermelho;Halictidae spp.
Halicitidae verde pequena (73);Halictidae spp.
Halictidae magrinha verde parece a comum = 191;Halictidae spp.
Halictidae preta clássica da Ipomea amarela;Halictidae spp.
Halictidae preta clássica daqui;Halictidae spp.
Halictidae sp16;Halictidae spp.
Halictidae vede comum me´da classica daqui;Halictidae spp.
Halictidae verde amarelada pequena dia 20/11;Halictidae spp.
Halictidae verde com vermelho pequena;Halictidae spp.
Halictidae verde comum n amarelada;Halictidae spp.
halictidae verde média escura;Halictidae spp.
hallciitdae preta classica;Halictidae spp.
Hallciitdae preta média;Halictidae spp.
Hallciitdae vede média;Halictidae spp.
hallciitdae verde amarelada cap. Aqui esses dias;Halictidae spp.
hallciitdae verde com abd vermelho;Halictidae spp.
hallciitdae verde com dourado classica daqui;Halictidae spp.
Hallciitdae verde com dourado n deu pra ver mt;Halictidae spp.
hallciitdae verde comum aqui, já filmei mil vezes;Halictidae spp.
hallciitdae verde comum já cap.;Halictidae spp.
hallciitdae verde comum, foi essa que vi no Cosmos;Halictidae spp.
hallciitdae verde média;Halictidae spp.
hallcitdae verde cap aqui hj, vários videos na de 10 min;Halictidae spp.
Hallcitdae verde com doruado epquena;Halictidae spp.
Hallcitiade verde com dourado e abd vemelho quase preto;Halictidae spp.
hallcitidae abd amrrom e torax e cabeça dourado;Halictidae spp.
Hallcitidae acho que com abd vermelho já vista aqui;Halictidae spp.
Hallcitidae azul com abd triangular;Halictidae spp.
hallcitidae cabeça e torax dourado com abd vermelho;Halictidae spp.
hallcitidae cabeça e torax dourado e abd marrom;Halictidae spp.
hallcitidae cabeça e torax dourado e abd marrom, iguala  do cravinho;Halictidae spp.
Hallcitidae cabeça e tórax verde com abd vermelho;Halictidae spp.
hallcitidae cabeça e torax verde e abd vermeho;Halictidae spp.
hallcitidae cabeça e torax verde e abd vermelho;Halictidae spp.
Hallcitidae cabeça e torax verde e abd vermelho 1;Halictidae spp.
Hallcitidae com abd e torax dourado e abd vermelho mt escuro, marrom;Halictidae spp.
Hallcitidae com abd preto e torax verdeclassica e vista recentemetne em alguem;Halictidae spp.
Hallcitidae com abd vremelho e cabeça e torax verde menor;Halictidae spp.
Hallcitidae com cabeça e torax verde e abd vermelho;Halictidae spp.
Hallcitidae commabd marrom;Halictidae spp.
Hallcitidae de abd triangular verde azulada já cap.;Halictidae spp.
Hallcitidae dourada com abd marrom;Halictidae spp.
Hallcitidae dourada e abd vermelho;Halictidae spp.
Hallcitidae dourado com abd vermelho;Halictidae spp.
hallcitidae magrinha preta;Halictidae spp.
Hallcitidae média parece a comum mas pequena;Halictidae spp.
Hallcitidae média verde claro;Halictidae spp.
hallcitidae mepdia preta;Halictidae spp.
hallcitidae oequena;Halictidae spp.
Hallcitidae pequena n é verde;Halictidae spp.
hallcitidae pequena verde;Halictidae spp.
Hallcitidae pequena verde com dourado;Halictidae spp.
Hallcitidae preta;Halictidae spp.
Hallcitidae preta clássica;Halictidae spp.
Hallcitidae preta classica daqui;Halictidae spp.
hallcitidae preta classica dela;Halictidae spp.
Hallcitidae preta com abd trianuglar;Halictidae spp.
Hallcitidae preta diferentona;Halictidae spp.
hallcitidae preta magrinha;Halictidae spp.
Hallcitidae preta pequena;Halictidae spp.
hallcitidae preta pequnea;Halictidae spp.
Hallcitidae preta que cap ontem aqui;Halictidae spp.
Hallcitidae preta que faleiq eu cap.;Halictidae spp.
Hallcitidae que n e verde peuqnea;Halictidae spp.
Hallcitidae que parece a comum mas menor;Halictidae spp.
Hallcitidae que sempre vejo aqui e foi cap hj no manejricão;Halictidae spp.
hallcitidae vede com dourado e abd vermelho rubi;Halictidae spp.
Hallcitidae vede comum mais clara;Halictidae spp.
Hallcitidae verde;Halictidae spp.
Hallcitidae verde azulada que falei ter visto ontem na Althernathera tenella;Halictidae spp.
Hallcitidae verde claro com abd rubi;Halictidae spp.
Hallcitidae verde claro dourado com abd rubi;Halictidae spp.
hallcitidae verde claro média;Halictidae spp.
Hallcitidae verde claro média 1;Halictidae spp.
Hallcitidae verde com abd vemerlho já vista aqui;Halictidae spp.
Hallcitidae verde com abd vermelho;Halictidae spp.
hallcitidae verde com dourada cçassica daqui;Halictidae spp.
hallcitidae verde com dourado;Halictidae spp.
hallcitidae verde com dourado acho que aclássica daqui;Halictidae spp.
hallcitidae verde com dourado ca´ssica daqui;Halictidae spp.
Hallcitidae verde com dourado comum aqui;Halictidae spp.
hallcitidae verde com dourado e abd rubi;Halictidae spp.
hallcitidae verde com dourado e abd vermelho 1;Halictidae spp.
Hallcitidae verde com dourado e abd vermelho;Halictidae spp.
Hallcitidae verde com dourado e abd vermelo;Halictidae spp.
Hallcitidae verde com dourado média;Halictidae spp.
Hallcitidae verde com dourado parecia a da Penicilina;Halictidae spp.
Hallcitidae verde com dourado pequena;Halictidae spp.
Hallcitidae verde com torax preto;Halictidae spp.
Hallcitidae verde comum;Halictidae spp.
Hallcitidae verde comum aqui bem amarelo claro;Halictidae spp.
hallcitidae verde comum já cap 1;Halictidae spp.
Hallcitidae verde comum já cap.;Halictidae spp.
hallcitidae verde comum já cap.;Halictidae spp.
hallcitidae verde comum média 1;Halictidae spp.
Hallcitidae verde comum mpedia classica daqui;Halictidae spp.
Hallcitidae verde comum só que menor;Halictidae spp.
hallcitidae verde dourada classica aqui;Halictidae spp.
Hallcitidae verde escuro;Halictidae spp.
hallcitidae verde mais clara;Halictidae spp.
Hallcitidae verde média;Halictidae spp.
hallcitidae verde média 1;Halictidae spp.
hallcitidae verde média classica daqui,a cho que a mais clarinha;Halictidae spp.
Hallcitidae verde média commum aqui;Halictidae spp.
Hallcitidae verde média comum;Halictidae spp.
Hallcitidae verde média filmei hj;Halictidae spp.
hallcitidae verde média já cap. Aqui;Halictidae spp.
Hallcitidae verde média magrinha;Halictidae spp.
hallcitidae verde média pra pequena;Halictidae spp.
Hallcitidae verde menor já filmei varias vezes, parece comum mas menor;Halictidae spp.
Hallcitidae verde muito escura;Halictidae spp.
Hallcitidae verde parece a comum;Halictidae spp.
Hallcitidae verde parece com a comum do jardim;Halictidae spp.
hallcitidae verde sem amarelo, verde mesmo;Halictidae spp.
Hallcitidae vinho toda, clássica daqui, já filmei ;Halictidae spp.
Hallcitidar verde mpedia classica daqui;Halictidae spp.
Hallcitideae torax e cabeça e abd vermelho;Halictidae spp.
Hallctidae verde comum já cap.;Halictidae spp.
Hallicidae verde comum já cap.;Halictidae spp.
Hallicidae vere com amarelo meio grande, fimada esses dias.;Halictidae spp.
hallicitade dourada com verde comum aqui;Halictidae spp.
Hallicitade verde comum (já cap.);Halictidae spp.
Hallicitdae preta com verde escuro (acho que = do Talinum e MSC);Halictidae spp.
Hallicitdae preta já cap.;Halictidae spp.
hallicitdae verde azulada;Halictidae spp.
hallicitdae verde com dourado classica;Halictidae spp.
Hallicitdae verde com dourado pequena;Halictidae spp.
Hallicitdae verde comum;Halictidae spp.
Hallicitdae verde comum (já cap.);Halictidae spp.
hallicitdae verde comum acho, já filmei aqui;Halictidae spp.
hallicitdae verde comum já cap.1;Halictidae spp.
Hallicitdae verde comum já cap.;Halictidae spp.
Hallicitdae verde comum menor;Halictidae spp.
Hallicitdae verde escuro;Halictidae spp.
hallicitdae verde média;Halictidae spp.
hallicitdae verdinha maior, mpedia perninhas meio alguma coisa, foto no pote;Halictidae spp.
Hallicitidae (15);Halictidae spp.
Hallicitidae (16);Halictidae spp.
Hallicitidae (24);Halictidae spp.
Hallicitidae abd vermelho e torax dourado;Halictidae spp.
hallicitidae comum dessa planta, já cap.;Halictidae spp.
Hallicitidae média com torax preta;Halictidae spp.
Hallicitidae pequena verde claro (tons em amarelo);Halictidae spp.
Hallicitidae preta média clássica daqui;Halictidae spp.
Hallicitidae verde (coletada no dia de teste em 4 plantas);Halictidae spp.
Hallicitidae verde = comum mas com tórax verde amarelado;Halictidae spp.
Hallicitidae verde clara (com tons em amarelo);Halictidae spp.
Hallicitidae verde claro (53);Halictidae spp.
Hallicitidae verde com dourado pequena cap na Malv.;Halictidae spp.
Hallicitidae verde comum;Halictidae spp.
Hallicitidae verde comum (já capturada);Halictidae spp.
Hallicitidae verde comum (já capturada) (base);Halictidae spp.
Hallicitidae verde comum 1;Halictidae spp.
Hallicitidae verde comum só que pequena (já capturada) ;Halictidae spp.
Hallicitidae verde média;Halictidae spp.
Hallicitidae verde pequena (já capturada);Halictidae spp.
Hallictdae verde comum;Halictidae spp.
hallictdae verde comum já cap.;Halictidae spp.
hallictdae verde musgo mais escura;Halictidae spp.
Hallictiadae pequena;Halictidae spp.
Hallictiadae verde com dourado clássica daqui;Halictidae spp.
Hallictida;Halictidae spp.
Hallictidae  verde comum;Halictidae spp.
Hallictidae (na mexicana) (Photo);Halictidae spp.
Hallictidae (Pote C/A);Halictidae spp.
Hallictidae 11;Halictidae spp.
Hallictidae 2;Halictidae spp.
Hallictidae 3;Halictidae spp.
hallictidae abd e torax dourado e abd marrom, do cravinho;Halictidae spp.
Hallictidae abd preto e atorax verde;Halictidae spp.
Hallictidae abd rubi;Halictidae spp.
Hallictidae abd verde parecida co aquela que tem tórax preto e perna alaranjada da Ipomea;Halictidae spp.
Hallictidae cabeça com abd e torax dourado e abd rubi;Halictidae spp.
Hallictidae cabeça com abd e torax dourado e abd rubi quase marrom;Halictidae spp.
Hallictidae cabeça e torax dourado e abd marrom;Halictidae spp.
Hallictidae cabeça e torax dourado e abd rubi;Halictidae spp.
Hallictidae cabeça e torax dourado e abd vermelho;Halictidae spp.
Hallictidae cabeça e torax dourado e abe rubi, não é marrom nessas;Halictidae spp.
Hallictidae cabeça e torax verde com abd vermelho;Halictidae spp.
Hallictidae cabeça e torax verde e abd preto;Halictidae spp.
Hallictidae cabeça e torax verde e abd vermelho;Halictidae spp.
Hallictidae cabeçça e torax dourado e abd vermelho;Halictidae spp.
Hallictidae clássica daqui;Halictidae spp.
Hallictidae com abd rubi e torax dourado;Halictidae spp.
Hallictidae com abd triangular azulada já cap.;Halictidae spp.
Hallictidae com abd triangular e toda azulada;Halictidae spp.
Hallictidae com abd triangular meio azulada já cap.;Halictidae spp.
Hallictidae com abd vermelho;Halictidae spp.
Hallictidae com abd vermelho e torax verde grama;Halictidae spp.
Hallictidae com abd vermelho e torax verde não amarelado. Verde grama;Halictidae spp.
Hallictidae com abd vermelho rubi e cabeça e torax dourado;Halictidae spp.
Hallictidae com abg traingular e azulada;Halictidae spp.
Hallictidae com outras características;Halictidae spp.
Hallictidae com torax e cabeça verde e abd preto;Halictidae spp.
Hallictidae com torax preto e abd verde bem escura;Halictidae spp.
Hallictidae comum aqui verde, já vista;Halictidae spp.
Hallictidae de abd vermelho;Halictidae spp.
Hallictidae dourada (Já cap.);Halictidae spp.
Hallictidae dourada com abd vermelho;Halictidae spp.
Hallictidae dourada com adomen rubi;Halictidae spp.
Hallictidae dourada verde pequena;Halictidae spp.
Hallictidae dourado com abd rubi;Halictidae spp.
Hallictidae dourado com abd vermelho;Halictidae spp.
Hallictidae erde com dourado e abd marrom;Halictidae spp.
Hallictidae escura média;Halictidae spp.
Hallictidae estranha 1;Halictidae spp.
Hallictidae estranha 2;Halictidae spp.
Hallictidae estranha 3;Halictidae spp.
Hallictidae estranha preta;Halictidae spp.
Hallictidae grandona;Coelioxys spp.
Hallictidae igual a do Cosmos cap. Agr;Halictidae spp.
Hallictidae já cap. Aqui preta acho média;Halictidae spp.
Hallictidae já capturada;Halictidae spp.
Hallictidae já filmada aqui mil vezes, uma media;Halictidae spp.
hallictidae media preta;Halictidae spp.
Hallictidae média verde escuro;Halictidae spp.
Hallictidae meio esverdeada (Photo);Halictidae spp.
hallictidae mpedia verde;Halictidae spp.
Hallictidae mt pequena esverdeada;Halictidae spp.
Hallictidae mt pequnea;Halictidae spp.
Hallictidae muito pequena não sei qual é;Halictidae spp.
Hallictidae muito pequnea;Halictidae spp.
Hallictidae paracida com a que eu capturei hoje (177);Halictidae spp.
Hallictidae parece a comum menor;Halictidae spp.
Hallictidae parecida com a verde comum pelo que eu disse (vídeo curto 23/11/2021 9:58);Halictidae spp.
Hallictidae pequena;Halictidae spp.
Hallictidae pequena avermelhada;Halictidae spp.
Hallictidae pequena avermelhada - 171;Halictidae spp.
Hallictidae pequena magrinha, n é verde;Halictidae spp.
Hallictidae pequena mais aveermelhada;Halictidae spp.
Hallictidae pequena não vi mt coisa;Halictidae spp.
Hallictidae pequena pra média parece a comum;Halictidae spp.
Hallictidae pequena verde;Halictidae spp.
Hallictidae pequena verde amarelada;Halictidae spp.
Hallictidae pequena verde amarelada com abdomen avermelhado;Halictidae spp.
Hallictidae pequena verde com dourado e abd vermelho;Halictidae spp.
Hallictidae pequena verde com partes douradas já cap. Na Malv;Halictidae spp.
Hallictidae pequena verde magrinha (acho que a com abd preto) (Ver. Se cap.);Halictidae spp.
Hallictidae pequnea verde com dourado;Halictidae spp.
Hallictidae preta;Halictidae spp.
hallictidae preta 1;Halictidae spp.
Hallictidae preta (Comum aqui);Halictidae spp.
Hallictidae preta acho;Halictidae spp.
hallictidae preta aho que pe a da ipomea amarela;Halictidae spp.
Hallictidae preta clásica;Halictidae spp.
Hallictidae preta clássica;Halictidae spp.
hallictidae preta clássica 1;Halictidae spp.
Hallictidae preta classica daqui;Halictidae spp.
Hallictidae preta clássica daqui depois;Halictidae spp.
Hallictidae preta com abd incurvado pra baixo (Se pa já cap.) já vi no funcho tbm , mas n anotei;Halictidae spp.
Hallictidae preta com abd triangular ;Halictidae spp.
Hallictidae preta com vinho;Halictidae spp.
Hallictidae preta commum na ipomea amarela;Halictidae spp.
Hallictidae preta dnv?;Halictidae spp.
Hallictidae preta já cap aqui depois;Halictidae spp.
hallictidae preta magrinha;Halictidae spp.
hallictidae preta média;Halictidae spp.
Hallictidae preta media 1;Halictidae spp.
Hallictidae pretinha ou verde escuro;Halictidae spp.
Hallictidae que aprece a comum;Halictidae spp.
Hallictidae que parece a comum;Halictidae spp.
Hallictidae super diferente não consegui capturar;Halictidae spp.
Hallictidae torax dourado e abd vermelho;Halictidae spp.
Hallictidae torax preto e vede no abd;Halictidae spp.
Hallictidae torax verde abd preto;Halictidae spp.
hallictidae totalmente dourada;Halictidae spp.
Hallictidae vede comum já cap.;Halictidae spp.
Hallictidae vede média;Halictidae spp.
Hallictidae verde ;Halictidae spp.
Hallictidae verde 2;Halictidae spp.
Hallictidae verde 3;Halictidae spp.
Hallictidae verde 4;Halictidae spp.
Hallictidae verde amarelada;Halictidae spp.
hallictidae verde amarelada acho media;Halictidae spp.
Hallictidae verde azulada (104);Halictidae spp.
Hallictidae verde azulada mpedia;Halictidae spp.
Hallictidae verde bem escura a preta;Halictidae spp.
Hallictidae verde cap. (130);Halictidae spp.
Hallictidae verde clara;Halictidae spp.
Hallictidae verde clara media;Halictidae spp.
Hallictidae verde clara parecida com a comum mas mais clara;Halictidae spp.
Hallictidae verde clara pequena;Halictidae spp.
Hallictidae verde claro;Halictidae spp.
Hallictidae verde claro com abd vermelho;Halictidae spp.
Hallictidae verde claro meio dourado e abd vermelho;Halictidae spp.
Hallictidae verde classica daqui;Halictidae spp.
Hallictidae verde com abd meio rubi/marrom;Halictidae spp.
Hallictidae verde com abd preto;Halictidae spp.
Hallictidae verde com abd preto (Já cap.);Halictidae spp.
Hallictidae verde com abd vermehlo;Halictidae spp.
Hallictidae verde com abd vermelho;Halictidae spp.
Hallictidae verde com amarelo;Halictidae spp.
Hallictidae verde com amarelo média;Halictidae spp.
Hallictidae verde com amarelo peq. já cap. na malv.;Halictidae spp.
Hallictidae verde com cabeça e torax e abd vermelho;Halictidae spp.
Hallictidae verde com dourada (acho que cap. na A. brasiliana já);Halictidae spp.
Hallictidae verde com dourada clássica daqui;Halictidae spp.
Hallictidae verde com dourado;Halictidae spp.
Hallictidae verde com dourado (Verificar se n era o ninho dela ali perto);Halictidae spp.
Hallictidae verde com dourado 1;Halictidae spp.
Hallictidae verde com dourado abd rubi;Halictidae spp.
hallictidae verde com dourado clássica daqui;Halictidae spp.
Hallictidae verde com dourado clássica daqui 1;Halictidae spp.
hallictidae verde com dourado classica daqui 1;Halictidae spp.
Hallictidae verde com dourado comum aqui;Halictidae spp.
hallictidae verde com dourado e abd rubi 1;Halictidae spp.
Hallictidae verde com dourado e abd rubi;Halictidae spp.
Hallictidae verde com dourado epquena;Halictidae spp.
Hallictidae verde com dourado grandinha;Halictidae spp.
Hallictidae verde com dourado média abd mais alongado;Halictidae spp.
Hallictidae verde com dourado média filmada esses dias atras;Halictidae spp.
Hallictidae verde com dourado média, já cap na Penicilina;Halictidae spp.
Hallictidae verde com dourado pequena;Halictidae spp.
hallictidae verde com dourado pequena clássica do jardim;Halictidae spp.
Hallictidae verde com dourado pequena comum;Halictidae spp.
Hallictidae verde com dourado pequeno;Halictidae spp.
Hallictidae verde com dourado pequeno clássica;Halictidae spp.
Hallictidae verde com dourado pequeno comum;Halictidae spp.
Hallictidae verde com dourado pequnea;Halictidae spp.
Hallictidae verde com dourado que tinha na Penicilina;Halictidae spp.
Hallictidae verde com ourado já filmada mt aaqui;Halictidae spp.
Hallictidae verde com sourado pequena;Halictidae spp.
hallictidae verde comum;Halictidae spp.
Hallictidae verde comum;Halictidae spp.
Hallictidae verde comum (já cap.);Halictidae spp.
Hallictidae verde comum (parece abd azul)(photo);Halictidae spp.
Hallictidae verde comum (pousada);Halictidae spp.
Hallictidae verde comum acho;Halictidae spp.
Hallictidae verde comum aqui;Halictidae spp.
Hallictidae verde comum ja cap 111;Halictidae spp.
Hallictidae verde comum já cap.;Halictidae spp.
Hallictidae verde comum mais clara;Halictidae spp.
Hallictidae verde comum mas menor que a comum;Halictidae spp.
Hallictidae verde comum média;Halictidae spp.
Hallictidae verde comum média comum aqui;Halictidae spp.
Hallictidae verde comum menor;Halictidae spp.
Hallictidae verde comum na base ;Halictidae spp.
Hallictidae verde comum nela;Halictidae spp.
Hallictidae verde comum só que menor;Halictidae spp.
Hallictidae verde coumum (já cap.);Halictidae spp.
Hallictidae verde e abd vermelho rubi;Halictidae spp.
hallictidae verde e dourado n sei qual;Halictidae spp.
Hallictidae verde escura (131);Halictidae spp.
Hallictidae verde escuro;Halictidae spp.
hallictidae verde esmeralda;Halictidae spp.
Hallictidae verde grande, parece a comum;Halictidae spp.
Hallictidae verde magrinha, acho que abd preto emabuxo;Halictidae spp.
Hallictidae verde mas não a comum;Halictidae spp.
hallictidae verde média;Halictidae spp.
Hallictidae verde media 12;Halictidae spp.
hallictidae verde média com pernas laranjas;Halictidae spp.
Hallictidae verde média mais clara classica daqui;Halictidae spp.
Hallictidae verde média, já cap nela acho;Halictidae spp.
Hallictidae verde média, n sei qual;Halictidae spp.
Hallictidae verde média?;Halictidae spp.
Hallictidae verde mesmo com abd vermelho;Halictidae spp.
Hallictidae verde mt pequena;Halictidae spp.
Hallictidae verde parece a comum;Halictidae spp.
Hallictidae verde pequena;Halictidae spp.
Hallictidae verde pequena (já cap.);Halictidae spp.
Hallictidae verde pequena cap.acho que na ast do Jimi;Halictidae spp.
Hallictidae verde pequena com dourado;Halictidae spp.
Hallictidae verde pequena com dourado cap na outra met. Cap. Aqui;Halictidae spp.
Hallictidae verde pequena comum do jardim;Halictidae spp.
Hallictidae verde pequena dourada;Halictidae spp.
Hallictidae verde pequena já cap aqui;Halictidae spp.
Hallictidae verde pequena já filmada aqui algumas vezes;Halictidae spp.
hallictidae verde pequnea;Halictidae spp.
Hallictidae verde pequnea 1;Halictidae spp.
hallictidae verde pequnea parecia a comum;Halictidae spp.
Hallictidae verde que já cap. Aqui;Halictidae spp.
Hallictidae verdfe com dourado e abd rubi;Halictidae spp.
Hallictidae verdona;Halictidae spp.
Hallictidae vere comum já cap.;Halictidae spp.
Hallictidae vere comum menor;Halictidae spp.
Hallictidae vrde comum já cap;Halictidae spp.
Hallictidae, acho que verde comum (já cap.), porem um pouco mais clara;Halictidae spp.
Hallictidaeverde amarelada média;Halictidae spp.
Hallictide cabeça e torax dourado com abd vermelho;Halictidae spp.
hallictide que cap na Penicilina essa semana;Halictidae spp.
hallictide verde com dourado clássica daqui;Halictidae spp.
Hallictide verde com dourado pequena;Halictidae spp.
Hallictideae verde comum;Halictidae spp.
Hallictideae verde comum já cap.;Halictidae spp.
Halliitidae verde pequena e rápida (já cap.);Halictidae spp.
hallixtidae preta co carinha branca;Halictidae spp.
hellictidae preta média;Halictidae spp.
Hemiptera (andando sobre as flores);Hypselonotus fulvus
Hemiptera já cap.;Hypselonotus fulvus
Hemiptera preto com costas brilhantes;Hemiptera sp1
Heperiidae marrom claro com ponos;Hesperiidae sp3
heperiidae marrom com pontinhos;Hesperiidae sp3
heperiidae marrom pequena;Hesperiidae sp3
heperiidae pequnea com cinza;Hesperiidae sp5
heseriidae marrom tbm diferente;Hesperiidae sp3
Hesperidae;Hesperiidae sp4
Hesperidae alaranjada;Hylephila phyleus
Hesperidae branca com cinza;Ascia sp.
Hesperidae cinza;Hesperiidae sp5
Hesperidae cinza feia;Hesperiidae sp5
Hesperidae laranja com bolinhas;Hylephila phyleus
Hesperidae laranja feia;Hylephila phyleus
Hesperidae marrom;Hesperiidae sp3
Hesperidae marrom feiona;Hesperiidae sp3
Hesperidae marrom magrinha;Hesperiidae sp3
Hesperidae marrom pequena;Hesperiidae sp3
Hesperidae marrom pequena magrinha;Hesperiidae sp3
Hesperidae marrom pousada;Hesperiidae sp3
Hesperidae mesclada amarronzada;Pompeius pompeius
Hesperidae pequena marrom;Hesperiidae sp3
Hesperiidae;Hesperiidae sp4
Hesperiidae branca com detalhes em cinza;Burnsius orcus
Hesperiidae branquela;Hesperiidae sp8
Hesperiidae cnza média;Hesperiidae sp5
hesperiidae com detalhes em preto;Hylephila phyleus
Hesperiidae com rabo;Spicauda procne
Hesperiidae equnea com torax e abd branco e asas beges;Hesperiidae sp8
Hesperiidae filmada hj na Malvaceae mt parecida;Hylephila phyleus1
hesperiidae laranaja com detalhes em preto;Hylephila phyleus
Hesperiidae laranja;Hylephila phyleus
hesperiidae laranja 1;Hylephila phyleus
Hesperiidae laranja com bordas pretas;Hylephila phyleus
Hesperiidae laranja com detalhes na asa em marrom;Hylephila phyleus
hesperiidae laranja com manchas pretas;Hylephila phyleus
hesperiidae laranja com pontinhos na asas;Hylephila phyleus
hesperiidae laranja com pontinhos pretos;Hylephila phyleus
hesperiidae laranja com pontos pretos acho que diferente da de baixo;Hylephila phyleus
Hesperiidae laranja com preto;Hylephila phyleus
Hesperiidae laranja com preto detalhes;Hylephila phyleus
Hesperiidae laranja com tons em preto;Hylephila phyleus
Hesperiidae laranja média;Hylephila phyleus
Hesperiidae laranja pequena;Hylephila phyleus
Hesperiidae laranja pequnea;Hylephila phyleus
Hesperiidae laranjaa pequena;Hylephila phyleus
hesperiidae marom com pontinhos;Hesperiidae sp3
hesperiidae marrmo com bolinhas;Hesperiidae sp3
hesperiidae marrom;Hesperiidae sp3
Hesperiidae marrom (vídeo 15/11/2021  12:55);Hesperiidae sp3
Hesperiidae marrom 1;Hesperiidae sp3
Hesperiidae marrom clara pequnea;Hesperiidae sp3
Hesperiidae marrom claro;Hesperiidae sp3
Hesperiidae marrom claro com detalhes em marrom;Hesperiidae sp3
Hesperiidae marrom com detalhes;Hesperiidae sp3
hesperiidae marrom com linha branca;Spicauda procne
hesperiidae marrom com manchas nas asas pequneo;Hesperiidae sp3
Hesperiidae marrom com pontinhos marrom mais escuro;Hesperiidae sp3
hesperiidae marrom escuro;Hesperiidae sp3
Hesperiidae marrom já vista aqui, mas n sei qual;Hesperiidae sp3
hesperiidae marrom lisa;Hesperiidae sp3
hesperiidae marrom média;Hesperiidae sp3
hesperiidae marrom medio;Hesperiidae sp3
hesperiidae marrom mesclada;Hesperiidae sp3
hesperiidae marrom mt parecida com as outras, é a mesma espe´cie?;Hesperiidae sp3
hesperiidae marrom pequena 1;Hesperiidae sp3
Hesperiidae marrom pequena;Hesperiidae sp3
hesperiidae marrom pequena com detalhes;Hesperiidae sp3
hesperiidae marrom pequena com pontinhos;Hesperiidae sp3
hesperiidae marrom pequnea;Hesperiidae sp3
Hesperiidae marrom pequnea;Hesperiidae sp3
Hesperiidae marrom pequnea com pontinhos;Hesperiidae sp3
hesperiidae marrom peuqena 1;Hesperiidae sp3
Hesperiidae menor ainda laranjaa , a mesma da de baixo?;Hylephila phyleus
hesperiidae mescadinha com marrom;Hesperiidae sp3
hesperiidae mesclada;Pompeius pompeius
hesperiidae mesclado;Pompeius pompeius
Hesperiidae oequena laranja;Hylephila phyleus
hesperiidae pequena;Hesperiidae sp9
hesperiidae pequena marrom com detalhes em branco;Hesperiidae sp3
hesperiidae pequena marrom com pontinhos;Hesperiidae sp3
hesperiidae preta com laranja;Hylephila phyleus
Hesperiidae quandoa bre as asas manchas pretas;Hylephila phyleus
hesperiidae um pouco maior;Hesperiidae sp9
Hesperiiidae marrom;Hesperiidae sp3
Hexo (121);Halictidae spp.
Hexo (132);Exomalopsis spp.
Hexo (142);Tetrapedia spp.
Hexo grandona (128);Tetrapedia spp.
Hgallcitidae;Halictidae spp.
hhalictidae verde com abd vermelho;Halictidae spp.
Hllictidae verde com dourado e abd vermelho;Halictidae spp.
Hover flie já filmado aqui;Toxomerus sp.
Hoverflie;Allograpta sp.
hoverflie amarelo;Allograpta sp.
Hoverflie filmado ontem na Tradescantia pallida;Toxomerus sp.
Hoverflie filmado semana passada na Tradescantia pallida;Toxomerus sp.
hoverflie já filmado nela;Allograpta sp.
Hoverflie laranja;Allograpta sp.
Hoverflie preto e branco;Allograpta sp.
hoverflie preto e branco 1;Allograpta sp.
Hoverflie preto e branco com olhos vermelhos;Allograpta sp.
hoverflir amarelo;Allograpta sp.
Inseto estranho;Braconidae sp.
Ixorea amarela já filmada aqui;Phoebis sp1
Jataí preta;Scaura aspera
Joaninha vermelha;Cycloneda sanguinea
Joaninha vermelha (sangue) (sem pintinhas);Cycloneda sanguinea
Lepidoptera amarela;Phoebis sp1
Lepidoptera branca;Ascia sp.
Macho de Xylocopa;Xylocopa sp3
mariposa azul linda;Lasaia sp.
mariposa com abd enorme e asas mescladas;Zygaenidae sp4
Mariposa diferentona (144);Zygaenidae sp2
Mariposa já cap.;Zygaenidae sp2
mariposa lindona;Zygaenidae sp2
mariposa preta com detalhe laranja filmada aqui;Zygaenidae sp1
Mariposa preta com ponta das asas branca e cabeça laranja;Zygaenidae sp2
Mariposa preta com ponta das asas branco já filmada aqui;Zygaenidae sp2
Megachildiae que parce vepsa com ponta do abd amarelo;Brachygastra lecheguana
Megachile com abd amarelo;Megachilidae sp2
megachiliade com abd arredondando e ponta amarela;Megachilidae sp2
Megachilida da cuphea;Megachilidae sp1
Megachilidae (34);Coelioxys spp.
Megachilidae (49);Coelioxys spp.
Megachilidae (cap. Na falsa mirra);Coelioxys spp.
Megachilidae (Ephantidium) não tenho ctz se coletei;Epanthidium tigrinum
Megachilidae (grande abdomen triangular);Coelioxys spp.
Megachilidae abd quadrangular;Megachile sp. 8
Megachilidae abd triangular (menor) (brasilico);Megachile sp. 8
Megachilidae abd triangular com detalhe em vermelho no abd;Coelioxys spp.
Megachilidae abd verde com preto;Crabronidae sp. 2
Megachilidae abdomen triangular listrado (já capturada);Coelioxys spp.
Megachilidae bem doidona, com avd triqangular;Coelioxys spp.
Megachilidae cap aqui voo raído pequena;Megachilidae sp1
Megachilidae com abd arredondado e ponta amrela;Megachilidae sp2
Megachilidae com abd arredondando e ponta amarela;Megachilidae sp2
Megachilidae com abd arredonddo e amarelo;Megachilidae sp2
Megachilidae com abd listrado e base vermelha (Coelioxys sp.);Coelioxys spp.
megachilidae com abd quadrangular;Megachile sp. 8
Megachilidae com abd traingular e risco verme vi ea no manjericão tbm;Coelioxys spp.
Megachilidae com abd triangular;Coelioxys spp.
megachilidae com abd triangular com risco vermelho;Coelioxys spp.
Megachilidae com abd triangular e listra vermelha;Coelioxys spp.
megachilidae com abd triangular e risco vermelho;Coelioxys spp.
Megachilidae com abd triangular listrado de preto e branco;Coelioxys spp.
Megachilidae com abd trinagular com ponta amarelo;Brachygastra lecheguana
Megachilidae com abd verde e preto;Crabronidae sp. 2
Megachilidae com abr amarelo na ponta arredondada;Megachilidae sp2
Megachilidae com abvd arredondado e pota amrela;Megachilidae sp2
Megachilidae da cuphea;Megachilidae sp1
Megachilidae da cuphea 1;Megachilidae sp1
Megachilidae de ab triangular;Coelioxys spp.
Megachilidae de abd amarelo mt doida;Megachilidae sp2
Megachilidae de abd amarelo só na ponta, abd arredondado;Megachilidae sp2
megachilidae de abd amrelo;Megachilidae sp2
megachilidae de abd arredondado com base amarelo;Megachilidae sp2
Megachilidae de abd arredondado e ponta amarela;Megachilidae sp2
Megachilidae de abd quadrangular;Megachile sp. 8
Megachilidae de abd triangular;Coelioxys spp.
Megachilidae de abd triangular com listra vermelha;Coelioxys spp.
Megachilidae de abd triauglar;Coelioxys spp.
Megachilidae de abd triauglar com risco vermelho;Coelioxys spp.
Megachilidae diferentona com mancahs no rosto;Megachile sp. 9
Megachilidae igual a 197;Megachilidae sp6
Megachilidae já cap. Aqui voo raído magrinha e pequena;Megachilidae sp1
Megachilidae mascarada de pernas laranjas acho que igual a que eu cap.;Megachilidae sp2
Megachilidae parecia Ephantidium;Epanthidium tigrinum
Megachilidae pequena da Cuphea;Megachilidae sp1
Megachilidae preta com ponta do abd arredondado e amarelo;Megachilidae sp2
Megachilidae que aprece vespa com pontado abd amarelo cap recentemente.;Brachygastra lecheguana
Megachilidae que foi no cosmos e tirei foto;Coelioxys spp.
Megachilidae que parece Anthidini do artigo do guaco, mas com abd triangular, já cap. O manjericão;Brachygastra lecheguana
Megachilidae rápida pequena da Cuphea;Megachilidae sp1
Megachilidae sp8;Crabronidae sp. 2
Megachilidae super estranha cap.;Megachile sp. 3
Megachilidae verde com listras pretas;Crabronidae sp. 2
Megachilidae voo reápido cap outro dia;Megachilidae sp1
Megachilideae preta abd quadrangular;Megachile sp. 8
Megachiliidae 2;Melissoptila cnecomala
Megchilidae com abd triangular com listras vermelha;Coelioxys spp.
Megchilidae preta grande;Megachile sp. 6
Melipinini preto (Scaptotrigona/Trigona) ?;Scaptotrigona sp.
Melipinini preto (Scaptotrigona/Trigona) ? (base da flor);Trigona spinipes
Melipinini preto (Scaptotrigona/Trigona) ? 1;Trigona spinipes
Melipinini preto (Scaptotrigona/Trigona) ? Prov. Trigona spinipes;Trigona spinipes
Melipinini preto (Scaptotrigona/Trigona) ? Prov. Trigona spinipes 1;Scaptotrigona sp.
Melipinini preto (Scaptotrigona/Trigona) ? sp.;Scaptotrigona sp.
Melipinini preto (Scaptotrigona/Trigona) ? sp. 1;Trigona spinipes
Meliponini (122);Trigona spinipes
Meliponini já coletado no camarão vermelho;Plebeia aff. droryana
Meliponini muito pequeno já cap. No Brasilico Mirim preguiça prov. De 2022;Friesella schrottkyi
Meliponini pequena (111);Plebeia aff. droryana
Meliponini pequena 7;Friesella schrottkyi
Meliponini pequena 8;Trigona spinipes
Meliponini pequena 9;Nannotrigona testaceicornes
Meliponini pequeno (98);Exomalopsis spp.
Meliponini pequeno provavelmente Iraí;Nannotrigona testaceicornes
Meliponini pequneo;Friesella schrottkyi
Meliponini preta (110);Trigona spinipes
Meliponini preta (114);Scaptotrigona sp.
Meliponini preta (Trigona/Scaptotrigona);Trigona spinipes
Meliponini preta (Trigona/Scaptotrigona) 1;Scaptotrigona sp.
Micro abelha;Plebeia aff. droryana
Microabelha;Plebeia aff. droryana
Microabelha abd afinado;Halictidae spp.
Microabelha falei que pode ignorar, pq não sei a id.;Plebeia aff. droryana
Mosca abd bem fininho mas com bola no abd e ponta no final. Ponta parece de vespa;Diptera sp12
Mosca cara branca média;Diptera sp1
Mosca pequena abd longo e vermelho;Diptera sp13
Mosca pousa de asa aberta bem (113);Diptera sp24
Nannotrigona testaceicornes;Nannotrigona testaceicornes
Nannotrigona testaceicornes (base da flor);Nannotrigona testaceicornes
Nannotrigona testaceicornes nas anteras (Vìdeo 15/11/2021 13:45);Nannotrigona testaceicornes
Nomada;Nomada polybioides
nymphalidae tricolor que já filmei aqui;Eueides dianasa
Ornidea obesa;Ornidea sp.
Ornidea obesa talvez;Ornidea sp.
Ornidea sp.;Ornidea sp.
Outra hallcitidae;Halictidae spp.
Outra megachili menor e capturei no brasilico (ver.);Megachile sp. 8
Oxaea;Oxaea flavescens
Oxaea com abd listrado em azul;Oxaea sp2
Oxaea com abd verde metálico total;Oxaea flavescens
Oxaea diferentona;Oxaea flavescens
Oxaea sp.;Oxaea flavescens
oxaeae diferente;Oxaea flavescens
oxaeae diferentona;Oxaea flavescens
Oxaeae mais diferente;Oxaea flavescens
Oxaeae sp.;Oxaea flavescens
Oxaeae sp1;Oxaea flavescens
oxeae diferentona;Oxaea flavescens
Oxeae sp.;Oxaea flavescens
Parecia Ornidea, só pousada;Ornidea sp.
Pavão branco;Anartia jatrophae
pavao branco 1;Anartia jatrophae
Percevejo (88);Nysius sp.
Percevejo clássico dessa planta;Hypselonotus fulvus
Percevejo com oerninhas finas;Coreidae sp.
Percevejo estranho;Nysius sp.
Percevejo estranho (23);Nysius sp.
Percevejo estranho (Já cap.);Nysius sp.
Percevejo estranho (Já cap.) 1;Nysius sp.
Percevejo estranho (Já cap.) 2;Hypselonotus fulvus
Percevejo estranho do agrião;Nysius sp.
percevejo estranho, bege com marrom;Hypselonotus fulvus
percevejo estranho, verde com marrom;Hypselonotus fulvus
Percevejo já filmado aqui;Dysdercus sp.
Percevejo já filmado aqui hj;Hypselonotus fulvus
Percevejo já visto aqui;Hypselonotus fulvus
Percevejo já visto aqui, tem vídeo;Hypselonotus fulvus
percevejo preto com vermelho;Dysdercus sp.
percevejo verde grandão;Nezara sp.
Plebeia;Plebeia aff. droryana
Plebeia (Andando sobre a flor);Plebeia aff. droryana
Plebeia sp.;Plebeia aff. droryana
Plebeia sp. (andando sobre a planta);Plebeia aff. droryana
Plebeia sp. (Já cap.);Plebeia aff. droryana
Polybia paulista;Polybia paulista
Scaptotrigona;Scaptotrigona sp.
Scaptotrigona sp.;Scaptotrigona sp.
Scaptotrigona sp. acho;Scaptotrigona sp.
Scaptotrigona sp. ou Trigona sp.;Trigona spinipes
Scaptotrigona/Trigona (Prov. Scaptotrigona);Scaptotrigona sp.
sipcauda com torax azul;Urbamus proteus
Spicauda;Spicauda procne
Spicauda asa mesclada;Cecropterus dorantes
Spicauda bem mesclada;Cecropterus dorantes
Spicauda clássica;Spicauda procne
Spicauda classica 1;Spicauda procne
Spicauda clássica marrom;Spicauda procne
Spicauda com abd azul;Urbamus proteus
Spicauda com asas mescladas;Cecropterus dorantes
Spicauda com detalhes e marrom;Spicauda procne
Spicauda com rabo clássico;Spicauda procne
Spicauda com rabo mesclada;Cecropterus dorantes
Spicauda marrom clássica;Cecropterus dorantes
Spicauda marrom classica 1;Spicauda procne
Spicauda marrom com detalhes;Cecropterus dorantes
Spicauda marrom sem mt ornamentação, clássica;Spicauda procne
Spicauda mesclada;Cecropterus dorantes
Spicauda preta clássica;Spicauda procne
Spicauda sem nada;Spicauda procne
Spicauda sempre a marrom normal;Spicauda procne
Spicauda sp classica;Spicauda procne
Spicauda sp.;Spicauda procne
Spicauda sp. a clássica;Spicauda procne
Spicauda sp. com mts detalhes na asa, comum visto;Cecropterus dorantes
Spicauda sp. mesclada;Cecropterus dorantes
Spicauda sp. não sei qual;Spicauda procne
Spiicauda com detalhes;Cecropterus dorantes
Tetragona clavipes;Tetragona clavipes
Tetragonisca sp.;Tetragonisca fiebrigi
Tetragonisca sp. (pousou?);Tetragonisca fiebrigi
Tetragosnica sp.;Tetragonisca fiebrigi
Tipo Ephantidium menor;Epanthidium tigrinum
Trigona;Trigona spinipes
Trigona (anteras);Trigona spinipes
Trigona (Base da flor);Trigona spinipes
Trigona (Base das flores);Trigona spinipes
Trigona (est. Rep.);Trigona spinipes
Trigona (Estrutura rep.);Trigona spinipes
Trigona (na base das flores);Trigona spinipes
Trigona (Parecia estar visitando e não pilhando);Trigona spinipes
Trigona (sobrevoando e pousando na flor sempre);Trigona spinipes
Trigona andando sobre as flores;Nannotrigona testaceicornes
Trigona base da flor;Trigona spinipes
Trigona com ctz;Trigona spinipes
Trigona na base da flor;Trigona spinipes
Trigona na base da flores;Trigona spinipes
trigona ou exo preta grande?;Trigona spinipes
Trigona ou Scaptotrigona?;Trigona spinipes
Trigona ou Scaptotrigona? 1;Scaptotrigona sp.
Trigona ou Scaptotrihona (Vídeo 19/11/2021 6:48);Trigona spinipes
Trigona sobrevoando e pousando;Trigona spinipes
Trigona sp.;Trigona spinipes
Trigona sp. (destruindo a planta);Trigona spinipes
Trigona sp1;Trigona spinipes
Trigona spinipes;Trigona spinipes
Trigona spinipes (base do botão);Trigona spinipes
Trigona spinipes (estrutura reprodutiva);Trigona spinipes
Trigona spinipes (rep.);Trigona spinipes
Trigona voando e pousando;Trigona spinipes
Trigona/Scaptotrigona;Trigona spinipes
Trigona? Scaptotrigona?;Trigona spinipes
Trochilidae;Chlorostilbon lucidus
Trochilidae verde com marrom;Hylocharis chrysura
vaquinha;Astylus sp. 1
Vaquinha (Coleoptera);Astylus sp. 1
Vaquinha sp.;Astylus sp. 1
Verde amarelado filmei esses dias atras;Hylocharis chrysura
Vespa (Carqueja);Hymenoptera sp19
Vespa (comum);Polybia paulista
Vespa (peq.);Polybia paulista
Vespa abd. Amarelo e corpo preto (cap. na turnera);Brachygastra lecheguana
vespa amarela com preto;Hymenoptera sp19
vespa amarela com preto +- 1cm;Hymenoptera sp19
Vespa cara amarela comum pequena  (109);Hymenoptera sp19
vespa co abd listrado;Hymenoptera sp19
Vespa com a ponta com risco amarelo;Hymenoptera sp19
Vespa com abd listrado;Hymenoptera sp19
Vespa com abd triangular com a ponta amarelo;Brachygastra lecheguana
Vespa com cabeça e abdomen amarelo;Hymenoptera sp19
vespa com detalhes em amarelo;Hymenoptera sp19
Vespa com marca amarela no tórax;Hymenoptera sp19
Vespa com uma listra amarela no abd;Hymenoptera sp19
vespa com uma listra o abd;Hymenoptera sp19
Vespa comum aqui (peq.) amarela com preta;Hymenoptera sp19
Vespa doidona do girassol;Scoliidae sp.
Vespa enorme preta;Vespa sp7
Vespa já filmada aqui;Hymenoptera sp19
vespa magrinha da Achillea millefolium;Polybia paulista
vespa magrinha preta;Polybia paulista
Vespa média magrinha;Polybia paulista
Vespa parecda com paulistinha (andando);Polybia paulista
Vespa paulistinha;Polybia paulista
Vespa paulistinha (base das flores);Polybia paulista
Vespa peq. Amarela (comum)  (109);Hymenoptera sp19
Vespa pequena abdômen triangular brilhante preto;Vespa sp4
Vespa pequenininha cap. Aqui semana passada;Crabronidae sp. 3
Vespa preta com abd amarelo listrado (107);Brachygastra lecheguana
vespa preta com manchas amarelas (comum) (pousando na planta);Polybia paulista
Vespa preta com ponta do abd amarelo;Brachygastra lecheguana
Vespa preta com torax mancahdo em amarelo e abdomen listrado amarelo;Hymenoptera sp19
Vespa preta e amarela (22);Hymenoptera sp19
Vespa preto;Crabronidae sp. 3
Vespa Sorghum;Polybia paulista
Vespa/abelha (pote verde com data);Crabronidae sp. 2
Vespídeo com abd amarelo;Brachygastra lecheguana
Vespinha;Crabronidae sp. 3
Vespinha com abd listrado;Hymenoptera sp19
Vespinha com listras amarelas pequena já vista e acho que cap.;Hymenoptera sp19
vespinha magra;Polybia paulista
Vespinha mraginha;Polybia paulista
Vespinha pequena;Crabronidae sp. 3
vespinha pequnea parece Nomadis;Crabronidae sp. 3
Vespinha preta;Crabronidae sp. 3
Vespinha preta pequena;Crabronidae sp. 3
X. frontalis;Xylocopa frontalis
X. preta;Xylocopa sp1
Xylocopa;Xylocopa sp3
Xylocopa (Vìdeo 15/11/2021);Xylocopa sp1
Xylocopa (Vìdeo 16/11/2021 9:59);Xylocopa sp3
Xylocopa 123;Xylocopa sp1
Xylocopa abd preto;Xylocopa sp1
Xylocopa abdomen preto;Xylocopa sp1
Xylocopa com abd preto maior;Xylocopa sp1
Xylocopa frontalis;Xylocopa frontalis
Xylocopa frontalis (roubando);Xylocopa frontalis
Xylocopa frontalis parece a com abd marrom;Xylocopa sp2
Xylocopa frontalis, gigantesca;Xylocopa frontalis
Xylocopa não é a frontalis;Xylocopa sp2
Xylocopa oreta menor;Xylocopa sp1
Xylocopa parece a frontalis, mas abd marrom;Xylocopa sp2
Xylocopa parecida com frontalis sem manchas e marrom;Xylocopa sp2
Xylocopa preta;Xylocopa sp1
Xylocopa preta (Vídeo 22/11/2021 6:52);Xylocopa sp1
Xylocopa preta abd lustroso;Xylocopa sp1
Xylocopa preta abd preto;Xylocopa sp1
Xylocopa preta enorme;Xylocopa sp1
Xylocopa preta grande;Xylocopa sp1
Xylocopa preta gravada;Xylocopa sp1
Xylocopa preta lindona;Xylocopa sp1
Xylocopa preta menor;Xylocopa sp1
Xylocopa preta?;Xylocopa sp1
Xylocopa que eu filmei no dia 10/11/2021;Xylocopa sp3
Xylocopa roubando na base da flor;Xylocopa sp3
Xylocopa sp;Xylocopa frontalis
Xylocopa sp. 1;Xylocopa sp1
Xylocopa sp. 5;Epicharis sp.
Xylocopa torax amarelo parece centris;Epicharis sp.
Xylocopa/Centris;Epicharis sp.
Xylocopa? 6;Bombus sp1
Xylocopra frontalis;Xylocopa frontalis
Xylocopra preta grande;Xylocopa sp1
Xylocpa frontalis;Xylocopa frontalis
Xylocpa preta que filme na Thumbergia hj;Xylocopa sp1
Diptera (comum);Allograpta sp.
Diptera (comum no Sorghum);Allograpta sp.
scaptotrigona ou trigona;Scaptotrigona sp.
Hallictidae preta média 1;Halictidae spp.
Hallictidae verde com dourado, espécie diferentona;Halictidae spp.
